{
    "$schema": "https://developer.microsoft.com/json-schemas/spfx/client-side-web-part-manifest.schema.json",
    "id": "c7d53896-96f2-49db-9e30-ca8ddfa20120",
    "alias": "StoreTasksWebPart",
    "componentType": "WebPart",


    "version": "*",
    "manifestVersion": 2,

    "requiresCustomScript": false,
    "supportedHosts": ["SharePointWebPart", "TeamsPersonalApp", "TeamsTab", "SharePointFullPage"],
    "supportsThemeVariants": true,

    "preconfiguredEntries": [{
        "groupId": "5c03119e-3074-46fd-976b-c60198311f70", 
        "group": { "default": "Other" },
        "title": { "default": "Store Locations Tasks DM" },
        "description": { "default": "Store Tasks description" },
        "officeFabricIconFontName": "Page",
        "properties": {
            "listName": "Store Locations Tasks"
        }
    }]
}