<?xml version="1.0" encoding="utf-8"?><App xmlns="http://schemas.microsoft.com/sharepoint/2012/app/manifest" Name="datatable-storetasks-client-side-solution" ProductID="c55be956-fdc6-49e2-850e-22d622588a3f" Version="1.0.0.0" SharePointMinVersion="16.0.0.0" IsClientSideSolution="true" SkipFeatureDeployment="true" IsDomainIsolated="false"><Properties><Title>datatable-storetasks-client-side-solution</Title><DeveloperProperties>{&quot;name&quot;:&quot;&quot;,&quot;websiteUrl&quot;:&quot;&quot;,&quot;privacyUrl&quot;:&quot;&quot;,&quot;termsOfUseUrl&quot;:&quot;&quot;,&quot;mpnId&quot;:&quot;Undefined-1.14.0&quot;}</DeveloperProperties><ShortDescription><LocalizedString CultureName="default">datatable-storetasks description</LocalizedString></ShortDescription><LongDescription><LocalizedString CultureName="default">datatable-storetasks description</LocalizedString></LongDescription><Screenshots></Screenshots></Properties></App>