{
  "id": "c7d53896-96f2-49db-9e30-ca8ddfa20120",
  "alias": "StoreTasksWebPart",
  "componentType": "WebPart",
  "version": "0.0.1",
  "manifestVersion": 2,
  "requiresCustomScript": false,
  "supportedHosts": [
    "SharePointWebPart",
    "TeamsPersonalApp",
    "TeamsTab",
    "SharePointFullPage"
  ],
  "supportsThemeVariants": true,
  "preconfiguredEntries": [
    {
      "groupId": "5c03119e-3074-46fd-976b-c60198311f70",
      "group": {
        "default": "Other"
      },
      "title": {
        "default": "Store Location Tasks DM"
      },
      "description": {
        "default": "Store Tasks description"
      },
      "officeFabricIconFontName": "Page",
      "properties": {
        "listName": "Store Location Tasks"
      }
    }
  ],
  "loaderConfig": {
    "internalModuleBaseUrls": [
      "<!-- PATH TO CDN -->"
    ],
    "entryModuleId": "store-tasks-web-part",
    "scriptResources": {
      "store-tasks-web-part": {
        "type": "path",
        "path": "store-tasks-web-part_1747b2684f684f49cd23.js"
      },
      "@microsoft/sp-property-pane": {
        "type": "component",
        "id": "f9e737b7-f0df-4597-ba8c-3060f82380db",
        "version": "1.14.0"
      },
      "StoreTasksWebPartStrings": {
        "type": "path",
        "path": "StoreTasksWebPartStrings_en-us_7c8ca45f0328a53226e06d95d0282d9d.js"
      },
      "@microsoft/sp-core-library": {
        "type": "component",
        "id": "7263c7d0-1d6a-45ec-8d85-d4d1d234171b",
        "version": "1.14.0"
      },
      "@microsoft/sp-webpart-base": {
        "type": "component",
        "id": "974a7777-0990-4136-8fa6-95d80114c2e0",
        "version": "1.14.0"
      },
      "jquery": {
        "type": "path",
        "path": "https://code.jquery.com/jquery-1.12.4.min.js",
        "globalName": "jQuery"
      },
      "datatables.net": {
        "type": "path",
        "path": "https://cdn.datatables.net/1.10.15/js/jquery.dataTables.min.js",
        "globalName": "jQuery"
      },
      "moment": {
        "type": "path",
        "path": "https://cdnjs.cloudflare.com/ajax/libs/moment.js/2.27.0/moment.min.js"
      }
    }
  }
}